what,kind,bundleId,bundleVersion,description,time
activated,workbench,org.eclipse.ui.workbench,3.7.1.v20120104-1859,"",1407944965165
deactivated,workbench,org.eclipse.ui.workbench,3.7.1.v20120104-1859,"",1407944967405
activated,workbench,org.eclipse.ui.workbench,3.7.1.v20120104-1859,"",1407944983248
deactivated,workbench,org.eclipse.ui.workbench,3.7.1.v20120104-1859,"",1407944987204
activated,workbench,org.eclipse.ui.workbench,3.7.1.v20120104-1859,"",1407945003459
opened,editor,org.eclipse.jst.jsp.ui,1.1.602.v201112071516,"org.eclipse.jst.jsp.core.jspsource.source",1407945003579
activated,editor,org.eclipse.jst.jsp.ui,1.1.602.v201112071516,"org.eclipse.jst.jsp.core.jspsource.source",1407945003629
executed,command,org.eclipse.ui,3.7.0.v20110928-1505,"org.eclipse.ui.edit.selectAll",1407945006371
executed,command,org.eclipse.ui,3.7.0.v20110928-1505,"org.eclipse.ui.edit.paste",1407945007728
executed,command,org.eclipse.ui.workbench.texteditor,3.7.0.v20110928-1504,"org.eclipse.ui.edit.findNext",1407945028754
executed,command,org.eclipse.ui.workbench.texteditor,3.7.0.v20110928-1504,"org.eclipse.ui.edit.findNext",1407945029510
executed,command,org.eclipse.ui.workbench.texteditor,3.7.0.v20110928-1504,"org.eclipse.ui.edit.findNext",1407945030082
executed,command,org.eclipse.ui.workbench.texteditor,3.7.0.v20110928-1504,"org.eclipse.ui.edit.findNext",1407945035119
executed,command,org.eclipse.ui.workbench.texteditor,3.7.0.v20110928-1504,"org.eclipse.ui.edit.findNext",1407945037778
executed,command,org.eclipse.ui.workbench.texteditor,3.7.0.v20110928-1504,"org.eclipse.ui.edit.findNext",1407945038237
executed,command,org.eclipse.ui.workbench.texteditor,3.7.0.v20110928-1504,"org.eclipse.ui.edit.findNext",1407945038634
executed,command,org.eclipse.ui.workbench.texteditor,3.7.0.v20110928-1504,"org.eclipse.ui.edit.findNext",1407945038998
executed,command,org.eclipse.ui,3.7.0.v20110928-1505,"org.eclipse.ui.file.save",1407945041135
executed,command,org.eclipse.ui,3.7.0.v20110928-1505,"org.eclipse.ui.edit.copy",1407945071192
deactivated,workbench,org.eclipse.ui.workbench,3.7.1.v20120104-1859,"",1407945073189
activated,workbench,org.eclipse.ui.workbench,3.7.1.v20120104-1859,"",1407945100860
executed,command,org.eclipse.ui.workbench.texteditor,3.7.0.v20110928-1504,"org.eclipse.ui.edit.text.smartEnterInverse",1407945103715
executed,command,org.eclipse.ui,3.7.0.v20110928-1505,"org.eclipse.ui.edit.undo",1407945105967
deactivated,workbench,org.eclipse.ui.workbench,3.7.1.v20120104-1859,"",1407945107530
activated,workbench,org.eclipse.ui.workbench,3.7.1.v20120104-1859,"",1407945122644
opened,editor,org.eclipse.jst.jsp.ui,1.1.602.v201112071516,"org.eclipse.jst.jsp.core.jspsource.source",1407945122805
activated,editor,org.eclipse.jst.jsp.ui,1.1.602.v201112071516,"org.eclipse.jst.jsp.core.jspsource.source",1407945122820
executed,command,org.eclipse.ui.ide,3.7.0.v20110928-1505,"org.eclipse.ui.navigate.openResource",1407945122835
opened,editor,org.eclipse.wst.xml.ui,1.1.202.v201112071516,"org.eclipse.wst.xml.ui.internal.tabletree.XMLMultiPageEditorPart",1407945136077
activated,editor,org.eclipse.wst.xml.ui,1.1.202.v201112071516,"org.eclipse.wst.xml.ui.internal.tabletree.XMLMultiPageEditorPart",1407945136134
activated,editor,org.eclipse.jst.jsp.ui,1.1.602.v201112071516,"org.eclipse.jst.jsp.core.jspsource.source",1407945140110
closed,editor,org.eclipse.wst.xml.ui,1.1.202.v201112071516,"org.eclipse.wst.xml.ui.internal.tabletree.XMLMultiPageEditorPart",1407945140119
executed,command,org.eclipse.ui,3.7.0.v20110928-1505,"org.eclipse.ui.edit.copy",1407945145678
activated,editor,org.eclipse.jst.jsp.ui,1.1.602.v201112071516,"org.eclipse.jst.jsp.core.jspsource.source",1407945149189
executed,command,org.eclipse.ui,3.7.0.v20110928-1505,"org.eclipse.ui.edit.paste",1407945158274
executed,command,org.eclipse.ui,3.7.0.v20110928-1505,"org.eclipse.ui.file.save",1407945161045
opened,editor,org.eclipse.ui.browser,3.3.101.v20111019-1723,"org.eclipse.ui.browser.editor",1407945164129
activated,editor,org.eclipse.ui.browser,3.3.101.v20111019-1723,"org.eclipse.ui.browser.editor",1407945164259
activated,editor,org.eclipse.jst.jsp.ui,1.1.602.v201112071516,"org.eclipse.jst.jsp.core.jspsource.source",1407945167031
closed,editor,org.eclipse.ui.browser,3.3.101.v20111019-1723,"org.eclipse.ui.browser.editor",1407945167046
activated,editor,org.eclipse.jst.jsp.ui,1.1.602.v201112071516,"org.eclipse.jst.jsp.core.jspsource.source",1407945169560
deactivated,workbench,org.eclipse.ui.workbench,3.7.1.v20120104-1859,"",1407945175563
activated,workbench,org.eclipse.ui.workbench,3.7.1.v20120104-1859,"",1407945175662
opened,editor,org.eclipse.ui.browser,3.3.101.v20111019-1723,"org.eclipse.ui.browser.editor",1407945175713
activated,editor,org.eclipse.ui.browser,3.3.101.v20111019-1723,"org.eclipse.ui.browser.editor",1407945175733
activated,editor,org.eclipse.jst.jsp.ui,1.1.602.v201112071516,"org.eclipse.jst.jsp.core.jspsource.source",1407945181890
closed,editor,org.eclipse.ui.browser,3.3.101.v20111019-1723,"org.eclipse.ui.browser.editor",1407945181899
deactivated,workbench,org.eclipse.ui.workbench,3.7.1.v20120104-1859,"",1407945186671
activated,workbench,org.eclipse.ui.workbench,3.7.1.v20120104-1859,"",1407945186766
opened,editor,org.eclipse.wst.xml.ui,1.1.202.v201112071516,"org.eclipse.wst.xml.ui.internal.tabletree.XMLMultiPageEditorPart",1407945186914
activated,editor,org.eclipse.wst.xml.ui,1.1.202.v201112071516,"org.eclipse.wst.xml.ui.internal.tabletree.XMLMultiPageEditorPart",1407945187021
activated,editor,org.eclipse.jst.jsp.ui,1.1.602.v201112071516,"org.eclipse.jst.jsp.core.jspsource.source",1407945193754
closed,editor,org.eclipse.wst.xml.ui,1.1.202.v201112071516,"org.eclipse.wst.xml.ui.internal.tabletree.XMLMultiPageEditorPart",1407945193763
activated,editor,org.eclipse.jst.jsp.ui,1.1.602.v201112071516,"org.eclipse.jst.jsp.core.jspsource.source",1407945209807
closed,editor,org.eclipse.jst.jsp.ui,1.1.602.v201112071516,"org.eclipse.jst.jsp.core.jspsource.source",1407945209823
executed,command,org.eclipse.ui.workbench.texteditor,3.7.0.v20110928-1504,"org.eclipse.ui.edit.findNext",1407945254402
executed,command,org.eclipse.ui.workbench.texteditor,3.7.0.v20110928-1504,"org.eclipse.ui.edit.findNext",1407945254691
executed,command,org.eclipse.ui.workbench.texteditor,3.7.0.v20110928-1504,"org.eclipse.ui.edit.findNext",1407945255007
executed,command,org.eclipse.ui.workbench.texteditor,3.7.0.v20110928-1504,"org.eclipse.ui.edit.findNext",1407945255302
deactivated,workbench,org.eclipse.ui.workbench,3.7.1.v20120104-1859,"",1407945287634
activated,workbench,org.eclipse.ui.workbench,3.7.1.v20120104-1859,"",1407945296670
opened,editor,org.eclipse.jst.jsp.ui,1.1.602.v201112071516,"org.eclipse.jst.jsp.core.jspsource.source",1407945296733
activated,editor,org.eclipse.jst.jsp.ui,1.1.602.v201112071516,"org.eclipse.jst.jsp.core.jspsource.source",1407945296749
executed,command,org.eclipse.ui.ide,3.7.0.v20110928-1505,"org.eclipse.ui.navigate.openResource",1407945296764
deactivated,workbench,org.eclipse.ui.workbench,3.7.1.v20120104-1859,"",1407945299258
activated,workbench,org.eclipse.ui.workbench,3.7.1.v20120104-1859,"",1407945299332
opened,editor,org.eclipse.wst.xml.ui,1.1.202.v201112071516,"org.eclipse.wst.xml.ui.internal.tabletree.XMLMultiPageEditorPart",1407945299464
activated,editor,org.eclipse.wst.xml.ui,1.1.202.v201112071516,"org.eclipse.wst.xml.ui.internal.tabletree.XMLMultiPageEditorPart",1407945299533
activated,editor,org.eclipse.jst.jsp.ui,1.1.602.v201112071516,"org.eclipse.jst.jsp.core.jspsource.source",1407945317353
closed,editor,org.eclipse.wst.xml.ui,1.1.202.v201112071516,"org.eclipse.wst.xml.ui.internal.tabletree.XMLMultiPageEditorPart",1407945317361
deactivated,workbench,org.eclipse.ui.workbench,3.7.1.v20120104-1859,"",1407945321329
activated,workbench,org.eclipse.ui.workbench,3.7.1.v20120104-1859,"",1407945321442
opened,editor,org.eclipse.wst.xml.ui,1.1.202.v201112071516,"org.eclipse.wst.xml.ui.internal.tabletree.XMLMultiPageEditorPart",1407945321695
activated,editor,org.eclipse.wst.xml.ui,1.1.202.v201112071516,"org.eclipse.wst.xml.ui.internal.tabletree.XMLMultiPageEditorPart",1407945321740
activated,editor,org.eclipse.jst.jsp.ui,1.1.602.v201112071516,"org.eclipse.jst.jsp.core.jspsource.source",1407945338895
closed,editor,org.eclipse.wst.xml.ui,1.1.202.v201112071516,"org.eclipse.wst.xml.ui.internal.tabletree.XMLMultiPageEditorPart",1407945338904
activated,view,org.eclipse.ui.navigator.resources,3.4.300.v20110928-1505,"org.eclipse.ui.navigator.ProjectExplorer",1407945344959
activated,editor,org.eclipse.jdt.ui,3.7.2.v20120109-1427,"org.eclipse.jdt.ui.CompilationUnitEditor",1407945357695
executed,command,org.eclipse.ui,3.7.0.v20110928-1505,"org.eclipse.ui.edit.copy",1407945370824
deactivated,workbench,org.eclipse.ui.workbench,3.7.1.v20120104-1859,"",1407945373260
activated,workbench,org.eclipse.ui.workbench,3.7.1.v20120104-1859,"",1407945726054
activated,view,org.eclipse.ui.navigator.resources,3.4.300.v20110928-1505,"org.eclipse.ui.navigator.ProjectExplorer",1407945727918
executed,command,org.eclipse.ui,3.7.0.v20110928-1505,"org.eclipse.ui.edit.paste",1407945729480
activated,editor,org.eclipse.jdt.ui,3.7.2.v20120109-1427,"org.eclipse.jdt.ui.CompilationUnitEditor",1407945732039
deactivated,workbench,org.eclipse.ui.workbench,3.7.1.v20120104-1859,"",1407945747544
activated,workbench,org.eclipse.ui.workbench,3.7.1.v20120104-1859,"",1407945764567
activated,view,org.eclipse.ui.navigator.resources,3.4.300.v20110928-1505,"org.eclipse.ui.navigator.ProjectExplorer",1407945765886
executed,command,org.eclipse.ui,3.7.0.v20110928-1505,"org.eclipse.ui.edit.paste",1407945768294
deactivated,workbench,org.eclipse.ui.workbench,3.7.1.v20120104-1859,"",1407945772008
activated,workbench,org.eclipse.ui.workbench,3.7.1.v20120104-1859,"",1407945790049
activated,editor,org.eclipse.jdt.ui,3.7.2.v20120109-1427,"org.eclipse.jdt.ui.CompilationUnitEditor",1407945792345
executed,command,org.eclipse.ui,3.7.0.v20110928-1505,"org.eclipse.ui.edit.copy",1407945796780
deactivated,workbench,org.eclipse.ui.workbench,3.7.1.v20120104-1859,"",1407945801007
activated,workbench,org.eclipse.ui.workbench,3.7.1.v20120104-1859,"",1407945836259
activated,view,org.eclipse.ui.navigator.resources,3.4.300.v20110928-1505,"org.eclipse.ui.navigator.ProjectExplorer",1407945837308
executed,command,org.eclipse.ui,3.7.0.v20110928-1505,"org.eclipse.ui.edit.paste",1407945839558
activated,editor,org.eclipse.jdt.ui,3.7.2.v20120109-1427,"org.eclipse.jdt.ui.CompilationUnitEditor",1407945841236
activated,editor,org.eclipse.jdt.ui,3.7.2.v20120109-1427,"org.eclipse.jdt.ui.CompilationUnitEditor",1407945843703
deactivated,workbench,org.eclipse.ui.workbench,3.7.1.v20120104-1859,"",1407945851363
activated,workbench,org.eclipse.ui.workbench,3.7.1.v20120104-1859,"",1407945858643
activated,view,org.eclipse.ui.navigator.resources,3.4.300.v20110928-1505,"org.eclipse.ui.navigator.ProjectExplorer",1407945859725
executed,command,org.eclipse.ui,3.7.0.v20110928-1505,"org.eclipse.ui.edit.paste",1407945861755
activated,editor,org.eclipse.jdt.ui,3.7.2.v20120109-1427,"org.eclipse.jdt.ui.CompilationUnitEditor",1407945868214
deactivated,workbench,org.eclipse.ui.workbench,3.7.1.v20120104-1859,"",1407945873113
activated,workbench,org.eclipse.ui.workbench,3.7.1.v20120104-1859,"",1407945915094
deactivated,workbench,org.eclipse.ui.workbench,3.7.1.v20120104-1859,"",1407945918641
activated,workbench,org.eclipse.ui.workbench,3.7.1.v20120104-1859,"",1407945930748
activated,view,org.eclipse.ui.navigator.resources,3.4.300.v20110928-1505,"org.eclipse.ui.navigator.ProjectExplorer",1407945934665
executed,command,org.eclipse.ui,3.7.0.v20110928-1505,"org.eclipse.ui.edit.paste",1407945937084
activated,editor,org.eclipse.jdt.ui,3.7.2.v20120109-1427,"org.eclipse.jdt.ui.CompilationUnitEditor",1407945940106
activated,editor,org.eclipse.jst.jsp.ui,1.1.602.v201112071516,"org.eclipse.jst.jsp.core.jspsource.source",1407945944632
activated,editor,org.eclipse.jdt.ui,3.7.2.v20120109-1427,"org.eclipse.jdt.ui.CompilationUnitEditor",1407945947603
closed,editor,org.eclipse.jst.jsp.ui,1.1.602.v201112071516,"org.eclipse.jst.jsp.core.jspsource.source",1407945947608
closed,editor,org.eclipse.jdt.ui,3.7.2.v20120109-1427,"org.eclipse.jdt.ui.CompilationUnitEditor",1407945950601
activated,view,org.eclipse.ui.navigator.resources,3.4.300.v20110928-1505,"org.eclipse.ui.navigator.ProjectExplorer",1407945953974
activated,editor,org.eclipse.jdt.ui,3.7.2.v20120109-1427,"org.eclipse.jdt.ui.CompilationUnitEditor",1407945959172
activated,editor,org.eclipse.jst.jsp.ui,1.1.602.v201112071516,"org.eclipse.jst.jsp.core.jspsource.source",1407945960364
closed,editor,org.eclipse.jdt.ui,3.7.2.v20120109-1427,"org.eclipse.jdt.ui.CompilationUnitEditor",1407945973516
closed,editor,org.eclipse.jdt.ui,3.7.2.v20120109-1427,"org.eclipse.jdt.ui.CompilationUnitEditor",1407945974539
deactivated,workbench,org.eclipse.ui.workbench,3.7.1.v20120104-1859,"",1407945978446
activated,workbench,org.eclipse.ui.workbench,3.7.1.v20120104-1859,"",1407945986129
opened,editor,org.eclipse.jst.jsp.ui,1.1.602.v201112071516,"org.eclipse.jst.jsp.core.jspsource.source",1407945986237
activated,editor,org.eclipse.jst.jsp.ui,1.1.602.v201112071516,"org.eclipse.jst.jsp.core.jspsource.source",1407945986250
executed,command,org.eclipse.ui.ide,3.7.0.v20110928-1505,"org.eclipse.ui.navigate.openResource",1407945986279
deactivated,workbench,org.eclipse.ui.workbench,3.7.1.v20120104-1859,"",1407945990437
activated,workbench,org.eclipse.ui.workbench,3.7.1.v20120104-1859,"",1407945990538
opened,editor,org.eclipse.wst.xml.ui,1.1.202.v201112071516,"org.eclipse.wst.xml.ui.internal.tabletree.XMLMultiPageEditorPart",1407945990704
activated,editor,org.eclipse.wst.xml.ui,1.1.202.v201112071516,"org.eclipse.wst.xml.ui.internal.tabletree.XMLMultiPageEditorPart",1407945990751
activated,editor,org.eclipse.jst.jsp.ui,1.1.602.v201112071516,"org.eclipse.jst.jsp.core.jspsource.source",1407946010249
closed,editor,org.eclipse.wst.xml.ui,1.1.202.v201112071516,"org.eclipse.wst.xml.ui.internal.tabletree.XMLMultiPageEditorPart",1407946010260
deactivated,workbench,org.eclipse.ui.workbench,3.7.1.v20120104-1859,"",1407946011993
activated,workbench,org.eclipse.ui.workbench,3.7.1.v20120104-1859,"",1407946028811
activated,view,org.eclipse.ui.navigator.resources,3.4.300.v20110928-1505,"org.eclipse.ui.navigator.ProjectExplorer",1407946031185
executed,command,org.eclipse.ui,3.7.0.v20110928-1505,"org.eclipse.ui.edit.paste",1407946033371
activated,editor,org.eclipse.jst.jsp.ui,1.1.602.v201112071516,"org.eclipse.jst.jsp.core.jspsource.source",1407946039985
activated,editor,org.eclipse.jst.jsp.ui,1.1.602.v201112071516,"org.eclipse.jst.jsp.core.jspsource.source",1407946040008
closed,editor,org.eclipse.jst.jsp.ui,1.1.602.v201112071516,"org.eclipse.jst.jsp.core.jspsource.source",1407946040015
deactivated,workbench,org.eclipse.ui.workbench,3.7.1.v20120104-1859,"",1407946046053
activated,workbench,org.eclipse.ui.workbench,3.7.1.v20120104-1859,"",1407946046162
opened,editor,org.eclipse.wst.xml.ui,1.1.202.v201112071516,"org.eclipse.wst.xml.ui.internal.tabletree.XMLMultiPageEditorPart",1407946046242
activated,editor,org.eclipse.wst.xml.ui,1.1.202.v201112071516,"org.eclipse.wst.xml.ui.internal.tabletree.XMLMultiPageEditorPart",1407946046296
activated,editor,org.eclipse.jst.jsp.ui,1.1.602.v201112071516,"org.eclipse.jst.jsp.core.jspsource.source",1407946049309
closed,editor,org.eclipse.wst.xml.ui,1.1.202.v201112071516,"org.eclipse.wst.xml.ui.internal.tabletree.XMLMultiPageEditorPart",1407946049316
deactivated,workbench,org.eclipse.ui.workbench,3.7.1.v20120104-1859,"",1407946063789
activated,workbench,org.eclipse.ui.workbench,3.7.1.v20120104-1859,"",1407946063884
opened,editor,org.eclipse.wst.xml.ui,1.1.202.v201112071516,"org.eclipse.wst.xml.ui.internal.tabletree.XMLMultiPageEditorPart",1407946063961
activated,editor,org.eclipse.wst.xml.ui,1.1.202.v201112071516,"org.eclipse.wst.xml.ui.internal.tabletree.XMLMultiPageEditorPart",1407946064012
activated,editor,org.eclipse.jst.jsp.ui,1.1.602.v201112071516,"org.eclipse.jst.jsp.core.jspsource.source",1407946068817
closed,editor,org.eclipse.wst.xml.ui,1.1.202.v201112071516,"org.eclipse.wst.xml.ui.internal.tabletree.XMLMultiPageEditorPart",1407946068823
executed,command,org.eclipse.ui,3.7.0.v20110928-1505,"org.eclipse.ui.edit.cut",1407946072598
executed,command,org.eclipse.ui,3.7.0.v20110928-1505,"org.eclipse.ui.file.save",1407946075521
executed,command,org.eclipse.ui,3.7.0.v20110928-1505,"org.eclipse.ui.edit.paste",1407946077628
executed,command,org.eclipse.ui,3.7.0.v20110928-1505,"org.eclipse.ui.file.save",1407946079078
deactivated,workbench,org.eclipse.ui.workbench,3.7.1.v20120104-1859,"",1407946085452
activated,workbench,org.eclipse.ui.workbench,3.7.1.v20120104-1859,"",1407946085582
opened,editor,org.eclipse.wst.xml.ui,1.1.202.v201112071516,"org.eclipse.wst.xml.ui.internal.tabletree.XMLMultiPageEditorPart",1407946085736
activated,editor,org.eclipse.wst.xml.ui,1.1.202.v201112071516,"org.eclipse.wst.xml.ui.internal.tabletree.XMLMultiPageEditorPart",1407946085785
activated,editor,org.eclipse.jst.jsp.ui,1.1.602.v201112071516,"org.eclipse.jst.jsp.core.jspsource.source",1407946088050
closed,editor,org.eclipse.wst.xml.ui,1.1.202.v201112071516,"org.eclipse.wst.xml.ui.internal.tabletree.XMLMultiPageEditorPart",1407946088056
activated,editor,org.eclipse.wst.xml.ui,1.1.202.v201112071516,"org.eclipse.wst.xml.ui.internal.tabletree.XMLMultiPageEditorPart",1407946089172
closed,editor,org.eclipse.jst.jsp.ui,1.1.602.v201112071516,"org.eclipse.jst.jsp.core.jspsource.source",1407946089178
activated,view,org.eclipse.ui.navigator.resources,3.4.300.v20110928-1505,"org.eclipse.ui.navigator.ProjectExplorer",1407946091172
deactivated,workbench,org.eclipse.ui.workbench,3.7.1.v20120104-1859,"",1407946096645
activated,workbench,org.eclipse.ui.workbench,3.7.1.v20120104-1859,"",1407946132260
executed,command,org.eclipse.ui,3.7.0.v20110928-1505,"org.eclipse.ui.edit.paste",1407946137123
activated,editor,org.eclipse.wst.xml.ui,1.1.202.v201112071516,"org.eclipse.wst.xml.ui.internal.tabletree.XMLMultiPageEditorPart",1407946143309
activated,editor,org.eclipse.wst.xml.ui,1.1.202.v201112071516,"org.eclipse.wst.xml.ui.internal.tabletree.XMLMultiPageEditorPart",1407946150415
activated,editor,org.eclipse.wst.xml.ui,1.1.202.v201112071516,"org.eclipse.wst.xml.ui.internal.tabletree.XMLMultiPageEditorPart",1407946151665
deactivated,workbench,org.eclipse.ui.workbench,3.7.1.v20120104-1859,"",1407946155901
activated,workbench,org.eclipse.ui.workbench,3.7.1.v20120104-1859,"",1407946157399
executed,command,org.eclipse.ui.ide,3.7.0.v20110928-1505,"org.eclipse.ui.project.cleanAction",1407946157407
activated,view,org.eclipse.ui.navigator.resources,3.4.300.v20110928-1505,"org.eclipse.ui.navigator.ProjectExplorer",1407946171705
activated,view,org.eclipse.wst.server.ui,1.3.0.v20120210_1439,"org.eclipse.wst.server.ui.ServersView",1407946185646
executed,command,org.eclipse.wst.server.ui,1.3.0.v20120210_1439,"org.eclipse.wst.server.run",1407946192466
activated,view,org.eclipse.ui.console,3.5.100.v20111007_r372,"org.eclipse.ui.console.ConsoleView",1407946201227
deactivated,workbench,org.eclipse.ui.workbench,3.7.1.v20120104-1859,"",1407946206239
activated,workbench,org.eclipse.ui.workbench,3.7.1.v20120104-1859,"",1407946220983
activated,view,org.eclipse.wst.server.ui,1.3.0.v20120210_1439,"org.eclipse.wst.server.ui.ServersView",1407946220991
deactivated,workbench,org.eclipse.ui.workbench,3.7.1.v20120104-1859,"",1407946281059
activated,workbench,org.eclipse.ui.workbench,3.7.1.v20120104-1859,"",1407946285022
activated,view,org.eclipse.ui.console,3.5.100.v20111007_r372,"org.eclipse.ui.console.ConsoleView",1407946285818
activated,view,org.eclipse.wst.server.ui,1.3.0.v20120210_1439,"org.eclipse.wst.server.ui.ServersView",1407946301255
activated,view,org.eclipse.ui.console,3.5.100.v20111007_r372,"org.eclipse.ui.console.ConsoleView",1407946303526
activated,view,org.eclipse.wst.server.ui,1.3.0.v20120210_1439,"org.eclipse.wst.server.ui.ServersView",1407946305428
executed,command,org.eclipse.wst.server.ui,1.3.0.v20120210_1439,"org.eclipse.wst.server.stop",1407946307865
activated,view,org.eclipse.ui.console,3.5.100.v20111007_r372,"org.eclipse.ui.console.ConsoleView",1407946308203
activated,view,org.eclipse.wst.server.ui,1.3.0.v20120210_1439,"org.eclipse.wst.server.ui.ServersView",1407946308229
activated,view,org.eclipse.ui.console,3.5.100.v20111007_r372,"org.eclipse.ui.console.ConsoleView",1407946310619
activated,view,org.eclipse.wst.server.ui,1.3.0.v20120210_1439,"org.eclipse.wst.server.ui.ServersView",1407946313780
executed,command,org.eclipse.wst.server.ui,1.3.0.v20120210_1439,"org.eclipse.wst.server.run",1407946316281
activated,view,org.eclipse.ui.console,3.5.100.v20111007_r372,"org.eclipse.ui.console.ConsoleView",1407946320245
activated,view,org.eclipse.wst.server.ui,1.3.0.v20120210_1439,"org.eclipse.wst.server.ui.ServersView",1407946321476
activated,view,org.eclipse.ui.console,3.5.100.v20111007_r372,"org.eclipse.ui.console.ConsoleView",1407946322107
activated,view,org.eclipse.wst.server.ui,1.3.0.v20120210_1439,"org.eclipse.wst.server.ui.ServersView",1407946327427
activated,view,org.eclipse.ui.console,3.5.100.v20111007_r372,"org.eclipse.ui.console.ConsoleView",1407946329555
deactivated,workbench,org.eclipse.ui.workbench,3.7.1.v20120104-1859,"",1407946461979
activated,workbench,org.eclipse.ui.workbench,3.7.1.v20120104-1859,"",1407946472245
executed,command,org.eclipse.ui,3.7.0.v20110928-1505,"org.eclipse.ui.edit.copy",1407946486846
deactivated,workbench,org.eclipse.ui.workbench,3.7.1.v20120104-1859,"",1407946487730
activated,workbench,org.eclipse.ui.workbench,3.7.1.v20120104-1859,"",1407946517030
activated,view,org.eclipse.ui.navigator.resources,3.4.300.v20110928-1505,"org.eclipse.ui.navigator.ProjectExplorer",1407946522997
executed,command,org.eclipse.ui,3.7.0.v20110928-1505,"org.eclipse.ui.edit.paste",1407946524582
activated,view,org.eclipse.ui.console,3.5.100.v20111007_r372,"org.eclipse.ui.console.ConsoleView",1407946534603
executed,command,org.eclipse.ui,3.7.0.v20110928-1505,"org.eclipse.ui.edit.copy",1407946546198
deactivated,workbench,org.eclipse.ui.workbench,3.7.1.v20120104-1859,"",1407946547184
activated,workbench,org.eclipse.ui.workbench,3.7.1.v20120104-1859,"",1407946565830
activated,view,org.eclipse.ui.navigator.resources,3.4.300.v20110928-1505,"org.eclipse.ui.navigator.ProjectExplorer",1407946567314
executed,command,org.eclipse.ui,3.7.0.v20110928-1505,"org.eclipse.ui.edit.paste",1407946569299
activated,view,org.eclipse.ui.console,3.5.100.v20111007_r372,"org.eclipse.ui.console.ConsoleView",1407946577443
deactivated,workbench,org.eclipse.ui.workbench,3.7.1.v20120104-1859,"",1407946587053
activated,workbench,org.eclipse.ui.workbench,3.7.1.v20120104-1859,"",1407946591396
activated,view,org.eclipse.ui.navigator.resources,3.4.300.v20110928-1505,"org.eclipse.ui.navigator.ProjectExplorer",1407946592583
executed,command,org.eclipse.ui,3.7.0.v20110928-1505,"org.eclipse.ui.edit.paste",1407946595671
activated,view,org.eclipse.ui.console,3.5.100.v20111007_r372,"org.eclipse.ui.console.ConsoleView",1407946600054
executed,command,org.eclipse.ui,3.7.0.v20110928-1505,"org.eclipse.ui.edit.copy",1407946622946
deactivated,workbench,org.eclipse.ui.workbench,3.7.1.v20120104-1859,"",1407946628564
activated,workbench,org.eclipse.ui.workbench,3.7.1.v20120104-1859,"",1407946641312
activated,view,org.eclipse.ui.navigator.resources,3.4.300.v20110928-1505,"org.eclipse.ui.navigator.ProjectExplorer",1407946643345
executed,command,org.eclipse.ui,3.7.0.v20110928-1505,"org.eclipse.ui.edit.paste",1407946644881
activated,view,org.eclipse.ui.console,3.5.100.v20111007_r372,"org.eclipse.ui.console.ConsoleView",1407946647474
deactivated,workbench,org.eclipse.ui.workbench,3.7.1.v20120104-1859,"",1407946702222
activated,workbench,org.eclipse.ui.workbench,3.7.1.v20120104-1859,"",1407946715005
activated,view,org.eclipse.ui.navigator.resources,3.4.300.v20110928-1505,"org.eclipse.ui.navigator.ProjectExplorer",1407946717300
executed,command,org.eclipse.ui,3.7.0.v20110928-1505,"org.eclipse.ui.edit.paste",1407946719337
deactivated,workbench,org.eclipse.ui.workbench,3.7.1.v20120104-1859,"",1407946723285
activated,workbench,org.eclipse.ui.workbench,3.7.1.v20120104-1859,"",1407946783126
activated,view,org.eclipse.ui.console,3.5.100.v20111007_r372,"org.eclipse.ui.console.ConsoleView",1407946786191
activated,view,org.eclipse.ui.navigator.resources,3.4.300.v20110928-1505,"org.eclipse.ui.navigator.ProjectExplorer",1407946787511
executed,command,org.eclipse.ui,3.7.0.v20110928-1505,"org.eclipse.ui.edit.paste",1407946789269
activated,view,org.eclipse.ui.console,3.5.100.v20111007_r372,"org.eclipse.ui.console.ConsoleView",1407946797288
deactivated,workbench,org.eclipse.ui.workbench,3.7.1.v20120104-1859,"",1407946823804
activated,workbench,org.eclipse.ui.workbench,3.7.1.v20120104-1859,"",1407946833062
executed,command,org.eclipse.ui,3.7.0.v20110928-1505,"org.eclipse.ui.edit.copy",1407946852022
deactivated,workbench,org.eclipse.ui.workbench,3.7.1.v20120104-1859,"",1407946861385
activated,workbench,org.eclipse.ui.workbench,3.7.1.v20120104-1859,"",1407946945620
activated,view,org.eclipse.ui.navigator.resources,3.4.300.v20110928-1505,"org.eclipse.ui.navigator.ProjectExplorer",1407946948835
executed,command,org.eclipse.ui,3.7.0.v20110928-1505,"org.eclipse.ui.edit.paste",1407946952696
activated,view,org.eclipse.ui.console,3.5.100.v20111007_r372,"org.eclipse.ui.console.ConsoleView",1407946958463
activated,view,org.eclipse.ui.navigator.resources,3.4.300.v20110928-1505,"org.eclipse.ui.navigator.ProjectExplorer",1407947002037
deactivated,workbench,org.eclipse.ui.workbench,3.7.1.v20120104-1859,"",1407947010548
activated,workbench,org.eclipse.ui.workbench,3.7.1.v20120104-1859,"",1407947010794
activated,editor,org.eclipse.wst.xml.ui,1.1.202.v201112071516,"org.eclipse.wst.xml.ui.internal.tabletree.XMLMultiPageEditorPart",1407947045608
activated,view,org.eclipse.ui.navigator.resources,3.4.300.v20110928-1505,"org.eclipse.ui.navigator.ProjectExplorer",1407947046699
deactivated,workbench,org.eclipse.ui.workbench,3.7.1.v20120104-1859,"",1407947052919
activated,workbench,org.eclipse.ui.workbench,3.7.1.v20120104-1859,"",1407947053127
no handler,command,org.eclipse.datatools.sqltools.result.ui,,"org.eclipse.datatools.sqltools.result.removeAllInstances",1407947071428
deactivated,workbench,org.eclipse.ui.workbench,3.7.1.v20120104-1859,"",1407947080854
activated,workbench,org.eclipse.ui.workbench,3.7.1.v20120104-1859,"",1407947081082
deactivated,workbench,org.eclipse.ui.workbench,3.7.1.v20120104-1859,"",1407947091426
activated,workbench,org.eclipse.ui.workbench,3.7.1.v20120104-1859,"",1407947091623
